Month,Avg_Weekly_Sales
01,33174.178494010266
02,34340.4443075746
03,33227.30567841273
04,33413.25491064639
05,33339.88842794267
06,34582.47297792586
07,33930.7665825281
08,33644.79382495115
09,33266.586447123285
10,32731.061550297116
11,36594.03229537082
12,39248.979614930315
